"title","question","correct","wrong1","wrong2","wrong3","explanation"
"Pronom y: s'opposer à","Ce projet de loi? Tout le monde ___ fermement.","s'y oppose","s'en oppose","s'oppose à lui","se l'oppose","'S'opposer à' + chose → 'y' : 's'y oppose'. 'S'en oppose' reprendrait un complément en 'de' et 'à lui' désigne une personne."
"Pronom y: tenir à","Il tient beaucoup à cette bague. Il ___ comme à la prunelle de ses yeux.","y tient","en tient","lui tient","la tient","'Tenir à qqch' → 'y' ; 'en tient' reprendrait un complément en 'de' ; 'lui tient' suppose un complément humain et 'la tient' change le verbe en 'tenir qqch' (avoir en main)."
"Pronom y: croire à","Les fantômes? Franchement, ___ pas du tout.","je n'y crois","je n'en crois","je ne leur crois","je ne les crois","'Croire à qqch' → 'y' : 'je n'y crois pas'. 'En' reprendrait 'de' ; 'leur' et 'les' signifieraient 'je ne leur fais pas confiance' ou 'je ne crois pas ce qu'ils disent'."
"Pronom y: lieu","Tu es déjà allé en Corse? — Non, ___ jamais allé.","je n'y suis","je n'en suis","je ne le suis","je ne lui suis","'En Corse' (lieu) → 'y' : 'je n'y suis jamais allé'. Les autres pronoms ne reprennent pas un complément de lieu."
"Pronom y: renoncer à","Après des années d'effort, il a fini par ___ renoncer.","y","en","le","lui","'renoncer à qqch' → 'y'; 'en renoncer' exigerait 'de'; 'le renoncer' et 'lui renoncer' sont ungrammaticaux."
"Pronom y: impératif","Cette question est importante, ___ !","réfléchis-y","réfléchis-en","réfléchis-le","réfléchis-lui","À l'impératif affirmatif, 'y' suit le verbe : 'réfléchis-y' (réfléchir à qqch). 'En' changerait la préposition, 'le' supprimerait 'à' et 'lui' désigne une personne."
"Pronom y: participer à","Le tournoi? Oui, ___ chaque année.","j'y participe","j'en participe","je le participe","je lui participe","'Participer à' → 'y' : 'j'y participe'. 'En' reprendrait 'de', 'le' supprime la préposition et 'lui' désigne une personne."
"Pronom en: se souvenir de","Ce voyage? ___ encore parfaitement.","je m'en souviens","je m'y souviens","je me le souviens","je me lui souviens","'Se souvenir de qqch' → 'en' : 'je m'en souviens'. 'Y' reprendrait 'à' ; 'le' et 'lui' ne reprennent pas 'de'."
"Pronom en: se servir de","Ce vieux dictionnaire, ___ encore souvent.","je m'en sers","je m'y sers","je le sers","je lui sers","'Se servir de' → 'en' : 'je m'en sers'. 'Y' reprendrait 'à' ; 'je le sers' et 'je lui sers' changent le sens ('servir quelqu'un' ou 'servir à quelqu'un')."
"Pronom en: quantité","Des amis fidèles, ___ très peu.","j'en ai","j'y ai","je les ai","je leur ai","Avec une quantité, 'en' est obligatoire : 'j'en ai très peu'. Les autres pronoms ne conviennent pas devant une quantité."
"Pronom en: parler de","Son divorce? Elle refuse ___ parler.","d'en","d'y","de le","de la","'Parler de qqch' → 'en' : 'd'en parler'. 'Y' reprendrait 'à' ; 'le' et 'la' ne reprennent pas la préposition 'de'."
"Pronom en: avoir peur de","Les araignées? Ma sœur ___ a une peur bleue.","en","y","les","leur","'avoir peur de' → 'en'; 'y' exigerait 'à' (inexistant avec 'avoir peur'); 'les a' et 'leur a' ne reprennent pas 'de'."
"Pronom en: impératif","Il reste du gâteau? Alors ___ encore un peu!","prends-en","prends-y","prends-le","prends-lui","'En' postposé à l'impératif, avec 's' euphonique : 'prends-en'. 'Y' change la préposition, 'le' reprend le gâteau entier et 'lui' désigne une personne."
"Pronom en: présenter des excuses","Des excuses? Il ___ jamais présenté.","n'en a","n'y a","ne les a","ne leur a","'Présenter des excuses' → 'en' (partitif) : 'il n'en a jamais présenté'. Les autres pronoms ne reprennent pas un partitif."
"Double pronom: me le","Il me rend le livre. Il ___ rend.","me le","le me","me la","te le","COI (me) avant COD (le) : 'il me le rend'. 'Le me' est un ordre impossible, 'la' ne s'accorde pas avec 'livre' et 'te' ne reprend pas 'me'."
"Double pronom: la lui","Cette nouvelle, je ___ ai annoncée hier.","la lui","lui la","le lui","l'en","COD (la) avant COI (lui) à la 3e personne : 'je la lui ai annoncée'. 'Lui la' inverse l'ordre, 'le' ne s'accorde pas avec 'nouvelle' (féminin) et 'l'en' reprendrait un complément en 'de'."
"Double pronom: impératif affirmatif","Ce livre est pour Paul. ___ !","Donne-le-lui","Donne-lui-le","Donne-la-lui","Donne-le-leur","À l'impératif affirmatif, COD avant COI avec traits d'union : 'donne-le-lui'. 'Lui-le' inverse l'ordre, 'la' ne s'accorde pas avec 'livre' et 'leur' est pluriel."
"Double pronom: impératif négatif","Ce secret, ne ___ dis pas!","le lui","lui le","la lui","les lui","À l'impératif négatif, l'ordre est celui de l'indicatif, sans traits d'union : 'ne le lui dis pas'. 'Lui le' inverse l'ordre ; 'la' et 'les' ne s'accordent pas avec 'secret'."
"Double pronom: m'en","Des conseils? Ma mère ___ donne toujours trop.","m'en","m'y","me les","me le","'Me' + 'en' → 'm'en' (partitif : des conseils). 'M'y' reprendrait 'à', 'me les' et 'me le' ne reprennent pas un partitif."
"Double pronom: lui en","Ces nouvelles, je ne veux pas ___ parler maintenant.","lui en","en lui","les lui","y lui","COI (lui) + 'en' : 'je ne veux pas lui en parler'. 'En lui' et 'y lui' inversent ou changent l'ordre, et 'les lui' ne reprend pas 'de'."
"Double pronom: y en","Des touristes au musée? Bien sûr qu'il ___ a toujours.","y en","en y","y les","les y","Ordre fixe: 'y' avant 'en'; 'en y' inverse l'ordre; 'y les' et 'les y' ne reprennent pas le partitif."
"Double pronom: te les","Ces photos de vacances, je ___ montrerai demain.","te les","les te","te le","te leur","COI (te) avant COD (les) : 'je te les montrerai'. 'Les te' inverse l'ordre, 'te le' ne s'accorde pas avec 'photos' (pluriel) et 'te leur' combine deux COI."
"Double pronom: la leur","Cette décision, nous ___ avons expliquée longuement.","la leur","leur la","les leur","l'en","COD (la) + COI (leur, invariable) : 'nous la leur avons expliquée'. 'Leur la' inverse l'ordre, 'les' ne s'accorde pas avec 'décision' et 'l'en' reprendrait un complément en 'de'."
"Pronom en: se faire du souci","Ce problème, ___ pas, je m'en occupe.","ne t'en fais","ne te fais en","ne m'en fais","ne s'en fait","'Se faire du souci' → 'ne t'en fais pas' à l'impératif 'tu', avec 'en' après 'te' élidé. Les autres formes inversent l'ordre ou changent de personne."
"Plus-que-parfait: accord du COD","La lettre que j'___ la veille était déjà perdue.","avais écrite","avais écrit","aurai écrite","avait écrite","Plus-que-parfait avec 'avoir' : le COD 'que' (la lettre) précède, donc le participe s'accorde : 'avais écrite'. 'Avais écrit' n'est pas accordé, 'aurai écrite' est un futur antérieur et 'avait' est la 3e personne."
"Plus-que-parfait: pronominal et accord","Les mains qu'elle ___ étaient encore sales.","s'était lavées","s'était lavé","s'était lavée","s'était lavés","Pronominal + COD antéposé : accord avec 'les mains' (féminin pluriel) : 's'était lavées'. Les autres formes ont un accord erroné."
"Plus-que-parfait: descendre","Il ___ les valises avant de repartir.","avait descendu","était descendu","avait descendues","avais descendu","'descendre' transitif prend 'avoir' sans accord (COD postposé); 'était descendu' mauvais auxiliaire (transitif); 'avait descendues' accord injustifié; 'avais' mauvaise personne."
"Plus-que-parfait: regretter","Elle m'a avoué qu'elle ___ cette erreur plusieurs fois.","avait regretté","avait regrettée","aura regretté","avais regretté","COD 'cette erreur' postposé → pas d'accord : 'avait regretté'. 'Regrettée' accorde à tort, 'aura regretté' est un futur antérieur et 'avais' est la 1re personne."
"Plus-que-parfait: sortir","Quand la police est arrivée, les voleurs ___ depuis longtemps.","étaient sortis","avaient sortis","étaient sorti","seraient sortis","'Sortir' intransitif avec 'être' + accord (masculin pluriel) : 'étaient sortis'. 'Avaient' est le mauvais auxiliaire, 'sorti' n'est pas accordé et 'seraient sortis' est un conditionnel."
"Plus-que-parfait: se rendre compte","Quand je lui ai parlé, il ___ déjà de son erreur.","s'était rendu compte","se rendra compte","s'était rendue compte","s'étaient rendu compte","Plus-que-parfait pronominal : 's'était rendu compte' (avant 'quand je lui ai parlé'). 'Se rendra' est un futur, 'rendue' s'accorderait au féminin et 's'étaient' est au pluriel."
"Plus-que-parfait: mourir","Quand nous l'avons appris, sa grand-mère ___ depuis un mois.","était morte","avait morte","était mort","serait morte","'Mourir' avec 'être' + accord (féminin) : 'était morte'. 'Avait' est le mauvais auxiliaire, 'mort' est masculin et 'serait morte' est un conditionnel."
"Plus-que-parfait: naître","En 1950, ma mère n'___ pas encore ___ .","était... née","avait... née","était... né","serait... née","Plus-que-parfait de 'naître' avec 'être' + accord (féminin) : 'n'était pas encore née'. 'Avait' est le mauvais auxiliaire, 'né' est masculin et 'serait' est un conditionnel."
"Plus-que-parfait: antériorité","Dès qu'il ___ son repas, il sortait toujours fumer.","avait terminé","avais terminé","aura terminé","terminerait","Antériorité dans le passé (habitude) : plus-que-parfait 'avait terminé'. 'Avais' est la 1re personne, 'aura terminé' un futur antérieur et 'terminerait' un conditionnel."
"Plus-que-parfait: se parler","Ils s'étaient à peine ___ quand la dispute a éclaté.","parlé","parlés","parlées","parler","'Se parler' = COI → pas d'accord : 's'étaient à peine parlé'. 'Parlés' et 'parlées' accordent à tort et 'parler' est un infinitif."
"Si type 1: partir","Si tu ne ___ pas immédiatement, tu rateras le train.","pars","partiras","partirais","partais","Type 1: 'si' + présent; 'partiras' futur interdit après 'si'; 'partirais' conditionnel interdit; 'partais' imparfait (type 2)."
"Si type 1: impératif","Si tu vois Marc, ___-lui bonjour de ma part.","dis","diras","dirais","disais","Type 1: impératif dans la principale ; 'diras' est un futur, 'dirais' un conditionnel et 'disais' un imparfait -- tous impossibles avec '-lui'."
"Si type 1: pouvoir","Si vous ___ m'aider, j'apprécierai beaucoup.","pouvez","pourrez","pourriez","pouviez","Type 1: 'si' + présent, futur dans la principale; 'pourrez' futur interdit après 'si'; 'pourriez' conditionnel interdit après 'si'; 'pouviez' imparfait (type 2, mais la principale est au futur)."
"Si type 1: offrir","Que feras-tu si on t'___ ce poste?","offre","offrira","offrirait","offrais","Type 1: après 'si', présent obligatoire; 'offrira' futur interdit; 'offrirait' conditionnel interdit; 'offrais' imparfait (type 2)."
"Si type 2: être","Si elle ___ à ta place, elle n'accepterait jamais cette offre.","était","est","serait","aurait été","Type 2: 'si' + imparfait ; 'est' est un présent (type 1), 'serait' un conditionnel interdit après 'si' et 'aurait été' un conditionnel passé (type 3)."
"Si type 2: savoir","Si nous connaissions la vérité, nous ___ quoi faire.","saurions","savons","saurons","savions","Type 2: conditionnel présent; 'savons' présent; 'saurons' futur; 'savions' imparfait — seul le conditionnel est correct dans la principale."
"Si type 2: vouloir","Si tu ___ vraiment, tu pourrais réussir cet examen.","voulais","veux","voudras","voudrais","Type 2: 'si' + imparfait; 'veux' présent; 'voudras' futur interdit; 'voudrais' conditionnel interdit après 'si'."
"Si type 2: voir","Si vous alliez plus souvent au théâtre, vous ___ la différence.","verriez","voyez","verrez","voyiez","Type 2: conditionnel présent; 'voyez' présent; 'verrez' futur; 'voyiez' imparfait (subordonnée, pas principale)."
"Si type 2: pouvoir","S'il le fallait vraiment, je ___ tout abandonner.","pourrais","peux","pourrai","pouvais","Type 2: conditionnel présent; 'peux' présent; 'pourrai' futur; 'pouvais' imparfait."
"Si type 2: travailler et gagner","Si elle ___ mieux, elle ___ davantage.","travaillait / gagnerait","travaillerait / gagnait","travaillerait / gagnerait","travaillait / gagnait","Type 2: imparfait + conditionnel; 'travaillerait/gagnait' inverse les modes; 'travaillerait/gagnerait' met le conditionnel après 'si'; 'travaillait/gagnait' met l'imparfait dans la principale."
"Passif: sauver","Les victimes ___ par les pompiers.","ont été sauvées","ont sauvé","ont été sauvés","a été sauvées","Passif au passé composé, accord féminin pluriel : 'ont été sauvées'. 'Ont sauvé' est actif, 'sauvés' est masculin et 'a été' est singulier."
"Passif: plus-que-parfait","La décision ___ bien avant notre arrivée.","avait été prise","avait pris","avait été pris","avait été prises","Passif au plus-que-parfait : 'avait été' + participe accordé avec 'décision' (féminin singulier). 'Avait pris' est actif ; 'pris' et 'prises' sont mal accordés."
"Passif: conditionnel","Ce projet ___ immédiatement si on avait le budget.","serait lancé","lancerait","serait lancée","aurait lancé","Passif conditionnel : 'serait' + participe accordé avec 'projet' (masculin). 'Lancerait' et 'aurait lancé' sont actifs, 'lancée' est au féminin."
"Passif: agent","Ce professeur ___ tous ses élèves.","est respecté par","est respecté pour","est respecté à","est respecté sous","Le complément d'agent du passif est introduit par 'par' (ou 'de' avec un verbe de sentiment) : 'est respecté par tous ses élèves'. 'Pour', 'à' et 'sous' n'introduisent pas l'agent."
"Passif: infinitif","Cette maison mérite d'___ restaurée rapidement.","être","avoir","étant","été","Infinitif passif: 'être' + participe; 'avoir restaurée' actif impossible; 'étant' est gérondif; 'été' manque l'auxiliaire."
"Passif: futur antérieur","Quand vous arriverez, tout ___ .","aura été préparé","aura préparé","aura été préparée","avait été préparé","Passif au futur antérieur : 'aura été' + participe accordé avec 'tout' (masculin singulier). 'Aura préparé' est actif, 'préparée' est féminin et 'avait été' est un plus-que-parfait."
